memeID;text;misogynisticDE;aggressiveDE;ironicDE;misogynisticCS;aggressiveCS;ironicCS;confidence_M_CS;confidence_A_CS;confidence_I_CS
ENG01;The way every man feels when a woman is driving;1;0;1;1;0;1;0.6716;0.6716;0.6716
ENG02;Women yes it's a woman;1;0;1;1;0;1;1.0;1.0;1.0
ENG03;I dont' understand, this car has 3 pedals and I only have 2 legs;1;0;1;1;0;1;1.0;1.0;1.0
ENG04;They said I didn't belong in the garage so I brought the garage to the kitchen;1;1;1;1;0;1;1.0;0.6672;0.6672
ENG05;Women drivers it's the only possible explanation;1;0;1;1;0;1;1.0;0.6664;1.0
ENG06;I think it was a she;1;0;1;1;0;0;1.0;0.6808;0.639
ENG07;Women first they crash you car, and then they take pictures for Facebook;1;0;0;1;0;1;1.0;1.0;1.0
ENG08;This is your car after it was driven by a woman;1;0;0;1;0;1;1.0;1.0;1.0
ENG09;Women drivers. I bet the boat just jumped out in front of you.;1;0;1;1;0;0;0.6924;0.3521;0.6924
ENG10;respect me women;1;1;0;1;1;0;0.6809999999999999;0.6809999999999999;0.6809999999999999
ENG11;My dick My girlfriend;1;1;0;1;1;0;1.0;1.0;0.639
ENG12;When the whole squad see an ice cream truck during summer;1;0;0;1;1;0;0.6237;0.3158;0.6237
ENG13;It was just too big;1;0;0;1;1;0;1.0;1.0;1.0
ENG14;Women men Happy International Women's Day;1;0;0;1;1;0;0.6699;0.3538;0.3538
ENG15;Happy women's day;1;0;1;1;0;1;1.0;1.0;1.0
ENG16;Australia's national women's soccer team lose 7-0 to an under fifteen boys' side - Back to the kitchen;1;0;0;1;1;0;1.0;0.6779;0.6756
ENG17;Car salesman , roof of car;1;0;0;1;1;0;1.0;0.6672;1.0
ENG18;Select all squares containing a dishwasher;1;0;1;1;1;0;1.0;0.6623;0.6558
ENG19;"Feminist logic - ""If we use proof in rape cases, we fall into the patterns of rape deniers"" Emma Sulkowicz 2015 - now ask yourself a simple question... does this sound like gender equality to you?";1;1;0;0;0;0;0.6605;0.0;0.0
ENG20;Rape culture: it's what every oxymoronic feminist is wearing this year;1;1;0;1;0;1;1.0;0.7052;0.6062
ENG21;divorce court, spin the wheel?;1;0;1;1;0;0;0.6671;0.6671;0.6671
ENG22;What does it take to be attractive? women: not fat men: hot body, good job, hot body, lots of money, clean, nice clothes, smells good, lots of money, dad material, confident, lots of money, nice hair, lots of money, hot body;1;0;1;1;0;0;0.6927;0.6927;0.6927
ENG23;If period products oppress women why do women advertise them?;1;0;0;0;0;0;0.6545;0.0;0.0
ENG24;Gender equality in 1917: Julie didn't get to go to university. John didn't get to live.;1;0;0;1;1;0;0.6809999999999999;0.3552;0.6809999999999999
ENG25;"""I'm such a gamer"", plays Angry Birds";1;0;1;1;0;1;0.6663;0.6663;0.3418
ENG26;"The reason I preach ""Christianity. My daughters represent the right. Taylor Swift's vagina represent the left.";1;0;0;1;1;0;1.0;1.0;1.0
ENG27;Men & women on social netoworks. Hot girl likes per day 800-1000 Hot dude likes per day: 100-200 Average Jane likes per day: 20-30 Average Joe likes per day: 0-1. Men, it's time to stop liking or giving females attention on social network or in life unless they acknowledge you first. Let them like you first. make them work for your attention. stop being easy.;1;1;0;1;1;0;1.0;0.6623;0.6537
ENG28;Goes to the moon takes 5 photos. Goes to the toilet takes 2.2478 photos;1;0;1;1;0;1;1.0;1.0;0.6653
ENG29;Internet, opinions, help misogyny!;1;0;1;0;0;0;0.6462;0.0;0.0
ENG30;I'm a nerd. Calm down, you're just a whore who found glasses.;1;1;1;1;0;0;0.7079;0.7079;0.7079
ENG31;Can a woman make you a millionaire?Yes! If you are a billionaire.;1;0;1;1;0;0;1.0;0.6382;0.6768
ENG32;Postfeminism. Beacuse being a housewife was too degrading.;1;1;0;1;1;0;0.6962;0.6962;0.6962
ENG33;Reality. No matter how good she looks right now, somebody, somewhere is tired of putting up with  her shit.;1;0;0;1;0;0;0.6612;0.6612;0.3368
ENG34;W.I.F.E. washing, ironing,  fucking etc;1;1;0;1;0;0;1.0;0.6381;0.6947
ENG35;woman's logic.Bikini? no problem. Underwear?OMG Don't look!;1;0;1;1;0;1;0.6886;0.6886;0.6886
ENG36;My body, my choice, your money;1;0;0;1;1;0;0.6698;0.3433;0.6698
ENG37;"""There's the kitchen and there's the bedroom"" Beacuse trying to teach her anything else would just be cruel.";1;1;0;1;0;0;0.7079;0.7079;0.7079
ENG38;Hi, ho. what are you doing? Nothing babe, just women stuff.You crashed the car again?;1;0;1;1;0;1;1.0;0.6909;1.0
ENG39;What's the difference between me and a mosquito? A mosquito will stop sucking after you slap it;1;1;0;1;0;0;1.0;0.6788;0.6814
ENG40;What they bout 2 do? Wrong answers only...;1;1;0;1;1;0;0.6651;0.6651;0.6651
ENG41;1/3 of women are physically abused. 2/3 of men aren't doing their job;1;1;0;1;1;0;1.0;1.0;1.0
ENG42;Nice job ladies. Now back to work. Coffee doesn't make itself.;1;1;0;1;0;0;1.0;0.6947;1.0
ENG43;A day without a woman yesterday, Today: because they're not going to wash themself;1;1;0;1;1;0;1.0;0.6779;0.6779
ENG44;What they see... A day without a woman: wear red in solidarity , do not engage in paid & unpaid work,  avoid spending money. A day without sandwiches, what we see.;1;1;0;1;0;1;1.0;1.0;1.0
ENG45;What do you me a day without women? Who's going to make my sandwich?;1;1;0;1;1;0;1.0;0.6806;0.6806
ENG46;I'm a 100% for a day without women when they leave their jobs i would fire their ass so then can go back to the kitchen where they belong ;1;1;0;1;0;0;1.0;0.6954;1.0
ENG47;This day without women is bullshit!;1;1;0;1;1;1;0.6756;0.3388;0.6756
ENG48;you Rape her, she knows she asked for it.;1;1;0;1;1;0;1.0;1.0;1.0
ENG49;I respect women who obey the greater sex;1;1;0;1;1;1;1.0;0.6842;0.6921
ENG50;What's that woman doing out of the kitchen? Walking to the laundry?;1;1;0;1;0;0;1.0;0.6605;1.0
ENG51;Crikey! Check out that beautiful creature in her natural habitat!;1;1;1;1;0;1;1.0;1.0;1.0
ENG52;I like my violence like i like my beer. Domestic;1;1;0;1;1;0;1.0;1.0;1.0
ENG53;We talked about it, i agreed dinner would be ready on time in the future;1;1;0;1;1;0;1.0;1.0;1.0
ENG54;I'm just not happy being with you. Falcon punch!;1;1;0;1;1;0;1.0;1.0;1.0
ENG55;Bitches be like, It was my fault i made him mad;1;1;0;1;1;0;1.0;0.6566;0.6566
ENG56;Women oppressed, women liberated;1;0;1;1;0;0;1.0;0.6947;1.0
ENG57;haha, they think we're going to prom;1;1;1;0;0;0;0.6332;0.0;0.0
ENG58;Female excuses for not having sex:  i've got a headache, I'm on my period, Please stop i don't even know you, I'm only 12.;1;1;0;1;1;0;0.7251;0.7251;0.7251
ENG59;How other people flirt, how i flirt;1;1;0;1;1;0;0.6804;0.6804;0.6804
ENG60;Scientists have discovered that there is intelligent DNA in a lot of women. Unfortunately, most of them spit it out.;1;1;0;1;1;0;1.0;1.0;0.6756
ENG61;Women aren't objects? False.An object is anything that has mass and takes up space.;1;1;0;1;0;1;1.0;0.6806;0.6806
ENG62;Supports women's right to choose which room to clean first.;1;1;0;1;0;1;0.6869;0.6869;0.3455
ENG63;When you show her how much respect for women you have. It's so fucking big.;1;1;1;1;0;1;1.0;1.0;0.6525
ENG64;This is like so traumatizing, a little more to left;1;1;1;1;1;0;0.6635;0.6635;0.6635
ENG65;Tonight i will cum tomorrow he will go to jail lol;1;1;0;1;1;0;1.0;0.6671;1.0
ENG66;if the fist does not fit you must acquit;1;1;1;1;1;0;1.0;1.0;1.0
ENG67;taking the time to get her pussy wet always practice proper rape etiquette;1;1;0;1;1;0;1.0;1.0;1.0
ENG68;A little bit to right.. done. A little to the left.. done. a little forward.. done. A little behind.. done.;1;0;1;1;0;1;1.0;0.6808;0.6808
ENG69;Get me 2 slices with pepperoni, getting raped makes me hungry;1;1;0;1;1;0;0.6755;0.6755;0.6755
ENG70;They say a woman's work is never done maybe that's why they get paid less;1;1;0;1;0;0;1.0;0.6706;1.0
ENG71;Complains about gender equality, gets mad when her boyfriend hits her;1;1;0;1;0;0;1.0;0.6954;0.6954
ENG72;I'm not sexist. sexism is wrong and being wrong is for women;1;1;0;1;1;0;0.6938;0.3505;0.6938
ENG73;i don't mean to be sexist,but i think it's so cute when a woman voices her opinion like it matters;1;1;0;0;0;0;0.6398;0.0;0.0
ENG74;don't wrap it and tap it. tape her and rape her;1;1;0;1;1;0;1.0;1.0;1.0
ENG75;offsides. back to your kitchen;1;1;0;1;1;0;0.6561;0.3327;0.3327
ENG76;you say you got pregnant for a rape?that just means you enjoyed it;1;1;0;1;1;0;1.0;1.0;1.0
ENG77;she put me in the friend zone, so i put her in the rape zone.;1;1;0;1;1;0;1.0;1.0;1.0
ENG78;if you cant handle him at his worst, you don't deserve him at his best.;1;1;0;1;1;0;0.6062;0.6062;0.6062
ENG79;It's not rape if they're dead;1;1;0;1;0;0;0.664;0.3587;0.664
ENG80;Best thing about date rape? The raping;1;1;0;1;1;0;1.0;1.0;1.0
ENG81;There are a spectrum of genders.There are 2 genders. There is 1 gender, women are objects.;1;1;0;1;1;0;1.0;0.6525;0.6759
ENG82;A true woman. She rightfully defends her territory .. the kitchen.. now..stop playing around and make me a sammich!;1;1;0;1;1;0;0.6663;0.3434;0.6663
ENG83;You see that? Its a kitchen. Get the fuck back in it.;1;1;0;1;1;0;0.6491;0.3384;0.6491
ENG84;National Association of women drivers meeting be there this weekend.;1;1;0;1;0;0;1.0;0.6676;0.695
ENG85;Woman Astronaut. Because sandwiches won't make themselves up there.;1;1;0;1;0;0;1.0;0.6947;0.6672
ENG86;There's only one gender because women are objects.;1;1;0;1;0;0;1.0;0.6237;1.0
ENG87;Circumcision. If circumcision is alright, because the child won't remember it, then is date rape alright as well?;1;1;0;0;0;0;0.6492;0.0;0.0
ENG88;Date rape in 4.. 3.. 2..;1;1;0;1;1;0;1.0;1.0;1.0
ENG89;Respect, Me, Women What time is it? It's time to respect women;1;1;0;1;1;0;1.0;1.0;1.0
ENG90;What the guys can expect for the world cup Italy Germany USA Korea Portugal Brazil Argentina England;1;1;0;1;0;1;0.68;0.68;0.68
ENG91;women's world cup?ain't nobody got time for that;1;1;0;1;0;0;0.6924;0.3521;0.6924
ENG92;PL season is over, nothing but women's world cup this summer..;1;1;0;1;0;0;0.6526;0.3452;0.3452
ENG93;women's sports: urban dictionary -> fictional, a myth, a joke, a novelty. if girls played sports, they'd have to leave the kitchen.;1;1;0;1;0;1;1.0;0.6669;0.6669
ENG94;wanna hear a joke? Women's soccer;1;1;0;1;0;0;1.0;1.0;1.0
ENG95;Don't treat women like objects. Objects are useful and have value, unlike women.;1;1;0;1;1;0;1.0;0.6809999999999999;0.6809999999999999
ENG96;All women have a rape fantasy so just do it without asking.;1;1;0;1;1;0;0.6822;0.6822;0.6822
ENG97;So you're one of those women that think speed walking is a sport..why dont you speedwalk to the fridge and get me a beer;1;1;0;1;0;1;1.0;1.0;0.6791
ENG98;If you're seeing this it's too late.;1;1;0;1;1;0;0.639;0.639;0.639
ENG99;She sad i did what? how would she know, she was asleep;1;1;0;1;1;0;1.0;1.0;1.0
ENG100;Am i the only one who thinks women who falsely accuse men of rape should serve the same sentence  they tried to steal years of his life away with? ;1;1;0;1;1;0;0.6651;0.6651;0.6651
ENG101;Not now woman. I'm busy;1;1;0;1;0;0;0.6927;0.3474;0.6927
ENG102;Silly women, rights are for men;1;1;0;1;1;0;1.0;0.6364;1.0
ENG103;It wasn't rape, she was sleep;1;1;0;1;1;0;0.6511;0.6511;0.6511
ENG104;Girls never say no to me thank god for date rape drug;1;1;0;1;1;0;1.0;0.6921;0.6237
ENG105;Roses are red, violets are twisted, bend over bitch you're about to get fisted ;1;1;0;1;1;0;1.0;1.0;1.0
ENG106;Why can't women drive? there's not a road to the kitchen.;1;1;1;1;0;1;1.0;1.0;1.0
ENG107;A good woman can make the sandwich & has the ability to fit the whole thing in her mouth;1;0;0;1;0;0;1.0;0.6672;1.0
ENG108;is a girl gamer doesn't try to whore herself out for attention;1;1;0;1;1;0;1.0;0.6924;1.0
ENG109;Is girlfriend, also makes dinner;1;0;0;1;0;0;1.0;0.6927;0.6927
ENG110;Back to the kitchen;1;0;1;1;0;1;0.7079;0.7079;0.359
ENG111;The kitchen, is that way;1;0;0;0;0;0;0.6409999999999999;0.0;0.0
ENG112;Go back to the kitchen;1;0;0;1;1;0;1.0;1.0;1.0
ENG113;You gave it your best shot honey, now back to the kitchen and make me a sandwich;1;0;0;1;1;0;1.0;0.6751;0.6751
ENG114;Silly woman, that's not the kitchen;1;1;0;0;0;0;0.6448;0.0;0.0
ENG115;That's the last time you escape the kitchen, woman;1;1;0;1;0;1;1.0;0.6612;0.6632
ENG116;I believe Hillary Clinton should go back to the kitchen;1;0;0;1;1;0;1.0;0.6739;1.0
ENG117;Chill woman, go back to the kitchen;1;1;0;1;1;0;0.664;0.664;0.664
ENG118;Here's one that tried to escape from the kitchen;1;1;0;1;1;1;1.0;0.6806;0.653
ENG119;Who run the world? Girls. No Beyonce, they run the kitchen;1;0;1;1;0;1;0.6618;0.6618;0.6618
ENG120;Her first time outside the kitchen.;1;0;1;1;0;0;1.0;0.6947;0.6381
ENG121;What do the highest paid women in the WNBA make? Sandwiches!;1;0;1;1;0;1;1.0;1.0;0.6623
ENG122;I beat women, not animals.;1;1;0;1;1;0;0.7077;0.3627;0.7077
ENG123;If women want equal pay, they should do equal work.Any job that requires physical labor.;1;1;0;1;1;0;1.0;0.664;1.0
ENG124;Them girls that say they mainly have guy friends cus they don't trust girls.;1;0;0;1;0;1;1.0;0.6514;0.6674
ENG125;Respect for women.. get in the kitchen, bitch;1;1;0;1;1;0;1.0;0.6839;1.0
ENG126;I like to beat women and then rape them;1;1;0;1;1;0;1.0;1.0;1.0
ENG127;Women's curling, so that women don't forget how to mop.;1;0;1;1;0;1;1.0;1.0;0.6475
ENG128;It's not date rape if y'all not dating I'm offended...;1;1;0;1;1;0;1.0;0.6625;1.0
ENG129;If a woman ever pulls a knife on you,just pull out 2 slices of bread, her womanly instincts will kick in and she will make you a sandwich;1;0;1;1;0;1;1.0;1.0;0.664
ENG130;The Bible. It says you need to get in the kitchen and make me a sandwich.;1;1;0;1;0;1;0.7079;0.7079;0.359
ENG131;Sandwich. Don't make me tell you twice woman;1;0;0;1;1;0;1.0;1.0;1.0
ENG132;Women in the air force. Cleaning our planes and making our sandwiches.;1;1;1;1;0;1;1.0;1.0;1.0
ENG133;Ugly women. Natures condom.;1;1;0;1;1;0;1.0;0.6549;0.6549
ENG134;Peace and quiet. It's the only way;1;1;0;1;1;0;1.0;0.6671;1.0
ENG135;You B**ch of a son, stop treating objects like women.;1;0;1;1;1;0;1.0;0.6686;0.6686
ENG136;Is google a man or woman? Obviously a woman because it won't let you finish your sentence before coming up with suggestions.;1;1;0;1;0;1;1.0;0.6947;0.6947
ENG137;Respect, me, Women;1;1;0;1;1;0;1.0;1.0;1.0
ENG138;Select all squares with objects;1;1;0;1;1;0;1.0;0.6566;1.0
ENG139;Hello prince! Will you rape me and live happily ever after with me?;1;1;0;1;0;1;0.68;0.377;0.377
ENG140;Stupid bitch that's not how you make a sandwich.;1;1;0;1;1;0;1.0;1.0;1.0
ENG141;shh.. do you hear that? That's the sound of a sandwicht not being made.;1;0;0;1;0;0;1.0;0.6947;0.6672
ENG142;I have no idea what i'm doing;1;1;0;1;0;1;1.0;1.0;0.6545
ENG143;Woman driving? Challenge accepted!;1;0;1;1;0;1;1.0;1.0;1.0
ENG144;You're letting her drive!?;1;0;1;1;0;1;1.0;1.0;1.0
ENG145;Womens 400m vacuum;1;0;1;1;0;1;1.0;0.6237;0.6237
ENG146;Why do blondes always want boob jobs? Beacuse it's the only job they are qualified for.;1;1;0;1;0;0;1.0;0.6716;0.6759
ENG147;Woman cause these samiches ain't gonna make themselves.;1;0;0;1;0;0;1.0;0.6947;1.0
ENG148;Women deserve equal rights and lefts;1;1;0;1;1;0;1.0;1.0;1.0
ENG149;Annual meeting of women drivers!;1;0;1;1;0;1;1.0;0.6492;1.0
ENG150;Respect applicator, women pellets, women, me How i respect women.;1;1;0;1;0;0;0.639;0.639;0.639
ENG151;Here's your women's right you fucking whores;1;1;0;1;1;0;1.0;0.6956;1.0
ENG152;Breaking News live Women leaves kitchen;1;0;0;0;0;0;0.6409999999999999;0.0;0.0
ENG153;She put me in the friend zone, i put her in the rape zone;1;1;0;1;1;0;0.6947;0.6947;0.6947
ENG154;What if i told you the other pill was a date rape drug;1;1;0;0;0;0;0.6806;0.0;0.0
ENG155;Back in my day we never went to a bar to meet women.. we went to a kitchen.;1;0;1;1;0;0;0.6693;0.3366;0.6693
ENG156;Went to war for the dick, lost my voice for the dick, became a bum for the dick, broke curfew for the dick, sold my soul for the dick, learned to speak gorilla for the dick;1;0;1;1;1;0;1.0;1.0;0.6657
ENG157;Disney taught me men love women who don't speak;1;0;1;1;0;0;0.664;0.3587;0.664
ENG158;Finally! A woman in a Disney movie who knows her job;1;0;0;1;1;0;1.0;0.6892;1.0
ENG159;Dish washing machine, woman;1;1;1;1;0;1;0.6716;0.6716;0.6716
ENG160;I am equal with men. Now would you please pay the bill?;1;0;1;1;0;1;1.0;1.0;0.6748
ENG161;You need to treat me as an equal Ok bro;1;1;0;1;1;0;1.0;1.0;1.0
ENG162;International Women's Day, bitch please;1;0;0;1;0;1;1.0;0.6553;1.0
ENG163;Silly women, the girls think we want them at work;1;1;0;1;0;1;1.0;0.6566;0.6566
ENG164;I am a strong independent woman until something heavy needs to be lifted;1;0;0;1;0;1;0.6525;0.6525;0.6525
ENG165;I got the promotion, all i had to do was bend over backwards to get the job done;1;1;0;1;1;0;1.0;1.0;1.0
ENG166;Manual, just because you've read it doesn't mean your wife has;1;0;1;1;0;0;1.0;1.0;0.6927
ENG167;There's two types of women;1;0;0;1;1;0;1.0;0.6549;1.0
ENG168;Well, laundry is women's work;1;1;0;1;0;0;1.0;0.655;0.6782
ENG169;I like my women how I like my eggs. Well beaten;1;1;0;1;0;0;0.6927;0.3474;0.6927
ENG170;It's not rape if she really didn't want to, she'd have said something;1;1;0;1;1;0;1.0;0.6698;1.0
ENG171;Win her over with Chloroform chloroform. The way real men get the girl;1;1;0;1;1;1;1.0;0.6612;0.6632
ENG172;Respecting women, sounds good doesn't work;1;1;1;1;1;0;1.0;1.0;0.695
ENG173;From this point on all your opinions are rejected. Women know your place;1;0;0;1;1;0;1.0;1.0;1.0
ENG174;Women astronauts because the shuttle wont clean itself;1;0;1;1;0;1;1.0;1.0;1.0
ENG175;If a woman watches a movie alone, who answers all her questions?;1;0;1;1;0;1;0.6525;0.6525;0.6525
ENG176;Domestic violence. Because sometimes you have to tell her more than once.;1;1;0;1;1;0;1.0;1.0;1.0
ENG177;Sandwiches you're doing them wrong;1;0;1;1;1;1;1.0;0.6806;0.653
ENG178;Twinkle twinkle little star I will rape you in your car;1;1;0;1;1;0;1.0;1.0;1.0
ENG179;Women are good for 70 things. Sandwich and 69;1;0;1;1;1;1;1.0;0.6623;0.6623
ENG180;Shhhhh it's okay, you've been preparing for this your whole life;1;0;0;1;0;1;1.0;1.0;1.0
ENG181;Me respect women I'll treat you right;1;1;0;1;1;0;0.6686;0.3508;0.6686
ENG182;What makes you think we're having sex tonight I'm stronger than you;1;1;0;1;1;0;1.0;0.6788;0.6587
ENG183;Curling has taught me that women love to intensely clean the floor.;1;0;1;1;0;1;1.0;0.653;0.653
ENG184;What do you say to a woman with two black eyes? Nothing, you already told her twice!;1;1;0;1;1;0;1.0;1.0;1.0
ENG185;Chris Brown's Greatest Hits;1;1;1;1;1;0;1.0;1.0;1.0
ENG186;90% of women's exercise;1;0;1;1;0;0;0.7079;0.7079;0.359
ENG187;Being somewhere and wondering, am I the only one here who isn't a slut?;1;0;0;1;0;0;1.0;1.0;1.0
ENG188;A woman's work is never done. Which is probably why they don't make as much.;1;0;0;1;0;0;1.0;1.0;1.0
ENG189;Women;1;0;1;1;0;1;1.0;1.0;1.0
ENG190;When your mom bout to hit your ass and your dad comes and beats the shit out of her;1;1;0;1;1;0;0.6526;0.6526;0.6526
ENG191;Maybe you shouldn't kiss your golf trophy in public;1;0;1;1;0;0;1.0;0.6676;0.695
ENG192;October is domestic violence month. Go home and show her who's boss;1;1;0;1;1;0;1.0;1.0;1.0
ENG193;come on honey i hate to use the bathroom, fuck off, what are you doing anyway? just women stuff. Women stuff in the bathroom;1;0;1;1;1;0;1.0;0.6479;1.0
ENG194;You can beat her this much;1;1;0;1;0;1;1.0;0.6759;0.6716
ENG195;Women's ice hockey should be removed from the list of olympic sports. They are just a bunch of club amateurs, who have not put in anywhere close the amount of hours in their sport than everyone else at the Olympics have.;1;0;0;1;1;0;1.0;0.6664;0.6664
ENG196;Those women are too ugly for me to molest;1;1;0;1;1;0;1.0;0.6672;1.0
ENG197;Girls are just as tough as boys. You can't hit me I'm a girl!;1;1;1;0;0;0;0.6409999999999999;0.0;0.0
ENG198;Women don't know what they want until they see what another woman has;1;0;1;1;1;1;0.6364;0.3318;0.6364
ENG199;Walk on street dressed like that, complains that can't find a respectful man;1;0;1;1;1;0;1.0;0.6635;0.6635
ENG200;Lets other women fondle breasts in changing room, accuses man of sexual harassment for touching her arm;1;0;0;1;0;0;1.0;1.0;0.6491
ENG201;"Be a bitch and tell a man to ""enjoy his hand"", doesn't realize a man's hand will pleasure him, make him a sandwich, and never talk back";1;0;0;1;0;0;1.0;0.6808;0.639
ENG202;I want a real man in my life. Wears tons of makeup, is a fake friend, has a fake personality, is not straight talk;1;0;1;1;1;0;0.6927;0.3474;0.6927
ENG203;Demand perfection in men. Hide zits and moles with 3 inches of make up.;1;0;1;0;0;0;0.6237;0.0;0.0
ENG204;Woman, fuck logic;1;0;1;1;0;1;1.0;1.0;0.6682
ENG205;Not a sexual object. Uses sex as leverage;1;0;0;1;1;0;1.0;0.6653;1.0
ENG206;I'm a woman and I have rights lol;1;1;0;1;0;0;1.0;0.6237;0.6842
ENG207;I have tits, give me free stuff;1;0;0;1;0;1;1.0;1.0;0.6716
ENG208;Women scientists;1;0;1;1;0;0;1.0;1.0;0.6729
ENG209;I like my girls like I like my wine. Locked in a basement for 27 years and made by myself.;1;1;0;1;0;1;0.6842;0.3763;0.3763
ENG210;I like my women like I like my eggs: white, extra large, and able to take a beating;1;1;1;1;0;0;1.0;0.6618;1.0
ENG211;Employers should give women flexible work hours so they have the time to make me a sandwich;1;0;1;1;0;0;1.0;1.0;0.6663
ENG212;I think you are the best man ever You liar, women don't think!;1;1;0;1;1;0;1.0;1.0;0.6791
ENG213;Maybe I should approach this calmly and rationally - said no woman ever;1;0;1;0;0;0;0.6545;0.0;0.0
ENG214;Over 68,000 single women starve to death every year;1;0;1;1;0;1;0.6381;0.3328;0.3328
ENG215;The proper way to hug your girl #RespectWomen. Respect dishwashers.;1;0;0;1;0;0;1.0;1.0;1.0
ENG216;Not sure if women like taking boiling hot showers because they like to feel warm or because it reminds them of hell, where they came from...;1;0;1;1;0;0;1.0;0.6565;0.6858
ENG217;Now in stock brand new dishwashers, sandiwch makers, and bed warmers! Lots of colors, makes and models to choose from! Hurry for the best selection!;1;0;1;1;0;0;1.0;1.0;0.6623
ENG218;If a dishwasher wore pants, would it wear them...like this or like this?;1;0;0;1;0;0;1.0;1.0;1.0
ENG219;"""No mere men can kill me"" ""We are no mere men"" ""What are they gonna do? Accuse him of sexual assault?""";1;0;0;0;0;0;1.0;0.0;0.0
ENG220;When you go back to work and work with mostly women. Hey there demons. It's me, ya boy;1;0;1;0;0;0;0.7052;0.0;0.0
ENG221;Him:the dishwasher is acting weird. Her: what it's doing. Him:chopping fucking vegetables;1;0;1;1;0;0;0.6663;0.6663;0.3434
ENG222;Face you make when someone says they only like skinny woman WTF...wrong with you...Didn't you know bones was for dogs;1;0;1;1;1;0;0.6824;0.3418;0.6824
ENG223;How a woman tells society she's single;1;0;0;1;1;0;1.0;0.6672;0.6672
ENG224;Men age like wine women age like cheese...;1;0;1;1;0;0;1.0;0.6682;0.6954
ENG225;Females. Get them while they are young.;1;1;0;1;0;1;1.0;0.68;0.623
ENG226;"""Women should be treated equally in the workplace!"" ""I'm not moving those fucking boxes. That's men work!""";1;0;0;0;0;0;0.6657;0.0;0.0
ENG227;Why am I so stupid? Oh right, I'm a woman;1;1;0;1;1;0;1.0;0.6632;1.0
ENG228;We can do it but if it involves getting dirty/wet/tired...men can do it;1;0;0;1;0;0;0.7079;0.7079;0.7079
ENG229;Thor's younger sister Whor;1;1;1;0;0;0;1.0;0.0;0.0
ENG230;Men cooking...because the last generation of mothers didn't teach their daughters shit;1;1;0;1;0;1;0.6716;0.6716;0.6716
ENG231;If God wanted you to put your talents to work, he would have made you men.;1;1;0;1;0;0;1.0;0.6694;1.0
ENG232;I don't always hit women but when I do, they deserve it;1;1;0;1;1;0;0.6924;0.6924;0.6924
ENG233;Taylor Swift? More like...Taylor-Swift-to-be-with-every-guy;1;0;1;1;0;0;0.6811;0.6811;0.3486
ENG234;Girls did you know...that uhm, your boobs go under your shirt;1;0;1;0;0;0;0.6694;0.0;0.0
ENG235;The perfect woman Exhibit A;1;1;0;1;1;0;0.7079;0.7079;0.7079
ENG236;Women driving a car ends badly;1;0;0;1;0;1;1.0;1.0;0.6623
ENG237;There are two kind of girls on Halloween;1;0;1;1;0;1;1.0;1.0;1.0
ENG238;2016 Honey I found a picture of your grandmother 2090 Honey I found a picture of your grandmother;1;0;0;1;0;0;1.0;0.6947;0.6381
ENG239;And just like that...this sandwich maker doubles as an ironing board;1;0;0;1;0;1;0.6962;0.6962;0.6962
ENG240;Next time don't get pregnant;1;1;0;1;1;0;1.0;1.0;1.0
ENG241;A man's shirt on the female body is like a flag on a conquered fortress;1;0;1;1;0;0;1.0;0.6629999999999999;0.7035
ENG242;Let me give you an advice about women: yell loud enough and tits will fly into your mouth;1;1;1;1;0;0;0.7077;0.7077;0.7077
ENG243;I'm noy saying she's a slut but...her favorite shade of lipstick is penis;1;1;0;1;0;0;0.6886;0.3938;0.3938
ENG244;Damn woman where is my goddamn cup of tea;1;1;0;1;1;0;0.6653;0.6653;0.6653
ENG245;Yeah I believe God is a woman. Only a woman could be so emotionally unstable.;1;0;1;1;0;1;0.6625;0.6625;0.3413
ENG246;Why did God gave men penises? So they'd have at least one way to shut a woman up;1;0;1;1;0;0;1.0;0.6589;0.6791
ENG247;Women will talk shit about other females but get pissed when a man talk shit about them;1;0;1;0;0;0;1.0;0.0;0.0
ENG248;When I say bitches I could be referring to a female or a nigga, shit nowadays yall act the same;1;1;1;1;1;0;1.0;1.0;1.0
ENG249;When she says she doesn't suck dick;1;1;0;1;1;0;1.0;1.0;1.0
ENG250;She said no that means yes;1;0;1;0;0;0;0.6901;0.0;0.0
ENG251;"I said, are you a stripper? And she said no, that's called a ""fitness pole""";1;0;1;1;1;0;0.6782;0.345;0.345
ENG252;Then she said could I have dinner ready for when she gets home;1;0;0;1;0;1;0.6809999999999999;0.6809999999999999;0.3552
ENG253;Rub is back, suck his dick, swallow, fuck him good, make him food;1;1;0;1;1;0;1.0;1.0;0.6663
ENG254;Being an ugly girl is like being a man...you are going to have to work;1;0;0;1;0;1;1.0;1.0;0.6674
ENG255;Why did God create the yeast infection? So women could know what it's like living with an irritating cunt too.;1;0;0;1;1;0;1.0;1.0;1.0
ENG256;A woman never dress up to impress men. They dress up to irritate other women;1;0;1;0;0;0;1.0;0.0;0.0
ENG257;Apparently beer contains female hormones...after you drink enough you can neither drive or shut the hell up;1;0;1;1;1;0;0.6699;0.3538;0.6699
ENG258;Did you know? Women have small feet so they can stand closer to the sink;1;0;0;1;1;0;1.0;0.6802;1.0
ENG259;Every man needs a woman that looks at him like this;1;0;0;1;1;0;0.6924;0.6924;0.6924
ENG260;Spiderman is out there fighting crime and I'm just here menstruating;1;0;0;1;0;0;1.0;1.0;0.6663
ENG261;Women can argue for 3 hours straight but 2 minutes into a BJ and her jaw hurts;1;0;0;1;0;0;1.0;0.6387;1.0
ENG262;Never let your man leave the house hungry or horny. Because somewhere out there is a whore with sammiches.;1;0;0;0;0;0;0.6791;0.0;0.0
ENG263;Stop quoting me, girls. I was a whore not a philosopher;1;1;0;0;0;0;0.6804;0.0;0.0
ENG264;Rohypnol. When traditional dating methods aren't cutting it.;1;1;0;1;1;0;1.0;1.0;0.7088
ENG265;Roofies for those girls who won't admit that she loves you;1;1;0;1;1;1;0.623;0.623;0.623
ENG266;30% of women should have kust shut the fuck up. More importantly why is this bitch out of the kitchen;1;1;0;1;1;0;1.0;1.0;1.0
ENG267;GTFO bitch I'm doing science;1;1;0;0;0;0;0.662;0.0;0.0
ENG268;What if Zelda was a girl? The stupidity it hurts;1;1;0;0;0;0;0.6827;0.0;0.0
ENG269;Do you want to know why women don't need watches? Because there are clocks on the stove;1;0;0;1;1;0;1.0;1.0;1.0
ENG270;All I care about is that you are happy and a doctor;1;0;0;1;1;0;0.6062;0.6062;0.3114
ENG271;36 years ago at the party. Now she remembers Judge Kavanaugh groped her;1;1;0;1;1;0;1.0;1.0;1.0
ENG272;And that is how to understand women;1;0;1;0;0;0;0.6664;0.0;0.0
ENG273;Girls be like...look at my new bracelet;1;0;1;1;0;0;1.0;1.0;1.0
ENG274;Perfect woman, sexy and in the kitchen;1;1;1;1;0;0;1.0;0.6639;0.6702
ENG275;Women's sports: Urban dictionary ->fictional a myth, a joke, a novelty. If girls played sports, they'd have to leave the kitchen;1;1;0;1;0;0;1.0;0.6947;1.0
ENG276;His and hers;1;0;0;1;0;0;0.6746;0.6746;0.6746
ENG277;Woman 1950, Woman 2017 thanks feminism huge improvement;1;0;1;1;0;0;0.6811;0.6811;0.6811
ENG278;Ladies first;1;1;1;1;1;1;1.0;0.687;0.6325
ENG279;Ladies first, any questions;1;0;1;1;1;1;1.0;0.6771;0.6566
ENG280;Went to moon took 50 photos went to toilet took 37 photos;1;0;1;1;0;1;1.0;1.0;1.0
ENG281;Cheats on you just to make sure you are the one that she wants. You are;1;0;1;1;0;1;0.6525;0.6525;0.6525
ENG282;Duct tape helping out with stupidity since 1942;1;1;0;1;1;0;1.0;0.6814;0.6814
ENG283;Wanna hear a dumb blonde joke? Nevermind, I don't feel like explaining it 15 times;1;1;1;1;0;1;1.0;0.6332;0.6332
ENG284;What do you call a dumb blonde with two brain cells? Pregnant;1;0;1;1;0;0;1.0;0.655;1.0
ENG285;I hate girls that say guys are all the same! Who told you to try them all? Slut!;1;1;0;1;1;1;1.0;0.6842;0.6921
ENG286;I hate women. I am a woman;1;0;0;0;0;0;0.6587;0.0;0.0
ENG287;If a woman ever pulls a knife on you, just pull out two slices of bread. Her womanly instincts will kick in and she will make you a sandwich;1;0;1;1;0;1;0.6635;0.6635;0.6635
ENG288;Wanna hear a joke? Women's rights;1;0;0;1;0;1;1.0;1.0;0.662
ENG289;"""Hi ho what are you doing"" ""Nothing, babe. Just women stuff"" ""You crashed the car again?""";1;0;1;1;0;0;1.0;0.6938;1.0
ENG290;Women. Men.;1;0;0;1;0;1;1.0;1.0;1.0
ENG291;Girls logic: I texted you at 9.54. You should reply at 9.53.;1;0;1;0;0;0;1.0;0.0;0.0
ENG292;Don't treat women like objects! 1.Objects are useful and have value 2. Unlike women.;1;1;0;1;1;0;1.0;0.6537;1.0
ENG293;Fidget spinner for women;1;1;0;1;1;0;1.0;0.6632;1.0
ENG294;Don't try to understand women. Women understand women and they hate each other.;1;0;1;1;0;0;1.0;0.6589;1.0
ENG295;Elizabeth and Hillary representing the nasty women of America for decades;1;1;0;1;0;1;1.0;0.6492;0.6822
ENG296;What women did in 1956. What they do now in 2016.;1;0;0;1;0;0;0.6671;0.6671;0.3365
ENG297;Left the kitchen too many times;1;1;0;1;1;0;1.0;1.0;1.0
ENG298;Why do women need men? Vibrators can't pay for drinks!;1;0;0;1;0;1;1.0;1.0;0.6663
ENG299;End the pain and suffering of millions, keep modern women out of the kitchen;1;0;0;0;0;0;0.6702;0.0;0.0
ENG300;When guys see women do yoga;1;0;1;1;0;1;0.6673;0.6673;0.6673
ENG301;When you are famous for sucking that dick but you can't say that on TV;1;0;1;1;0;0;0.6651;0.3368;0.6651
ENG302;No Ma'am. A gang bang isn't proof you can work as part of a team;1;1;1;1;1;0;0.6511;0.359;0.6511
ENG303;Equal rights and responsibilities complaining feminists equal rights and responsibilities feminists;1;0;1;1;0;1;1.0;0.6237;0.6842
ENG304;When she pull her titty out on facetime but you just wanna hear about how her day went;1;0;0;1;0;1;0.6809999999999999;0.6809999999999999;0.6809999999999999
ENG305;Slow internet again:either my son is downloading porn or my daughter is uploading it;1;1;1;1;0;1;1.0;0.6582;0.6582
ENG306;When you leave your white wife for a latina: 40% thicker, cleans 2x better;1;1;1;0;0;0;0.6373;0.0;0.0
ENG307;Her: I only hang out with guys because it's less drama. Her after 5 beers and 3 shots;1;0;1;1;0;1;1.0;1.0;1.0
ENG308;13 years old now vs me when I was 13;1;0;1;0;0;0;1.0;0.0;0.0
ENG309;Category: Pets & Animals;1;1;0;1;0;0;1.0;0.6332;0.6635
ENG310;Wo man Fe male Hu man Per son;1;0;1;1;0;0;0.6623;0.6623;0.6623
ENG311;Silly women rights are for men;1;1;0;1;0;1;0.6788;0.6788;0.3602
ENG312;Cmon Vanessa, DIG DEEP! You wanna work a 9-5 job or post pics of your ass on Instagram?;1;0;1;1;0;1;0.6824;0.6824;0.6824
ENG313;Women: my life doesn't revolve around men. Also women: what should I wear today to look sexy?;1;0;0;1;0;1;0.6921;0.6921;0.6921
ENG314;Even women know how to park;1;0;1;1;0;0;0.6729;0.6729;0.6729
ENG315;The 1950s were better because you could hit women and make a living wage;1;1;0;1;1;0;1.0;0.6707;1.0
ENG316;The career woman, the happy woman;1;0;0;1;0;0;1.0;0.6565;1.0
ENG317;"The saying ""no means no"" should be respected. I get tired of telling girls no when they tell me to stop";1;1;0;1;1;0;0.623;0.623;0.32
ENG318;Every girl wants to be swept off her feet. Its when you put her in the trunk that she starts to freak out.;1;1;0;1;1;1;0.7141;0.7141;0.3615
ENG319;Dumb girl poses duck lips ass out :P peace cute fail from above hi haters lesbo bff obvious chest;1;0;1;1;0;1;0.6335;0.337;0.6335
ENG320;Women are great leaders, you're following one now;1;0;1;1;0;1;1.0;0.6672;0.6672
ENG321;Ponytail angle of attack vs intelligence theoretical zero point retarded below average average above average;1;0;1;1;0;0;1.0;0.6524;0.6728
ENG322;If Snapchat has taught me anything, it's that a lot of you females look better as farm animals;1;1;0;1;0;0;1.0;1.0;0.6582
ENG323;"Fake tits, fake lips, fake lashes, fake hair, fake nails.. and these bitches are lookin for a ""real"" man";1;0;1;1;1;0;0.6924;0.6924;0.6924
ENG324;Girls that look good without makeup, aliens;1;0;1;1;0;1;1.0;1.0;1.0
ENG325;How girl's look when they take off make up, lashes, eye brows;1;1;0;1;0;1;0.6651;0.6651;0.3464
ENG326;girlfriend boyfriend money;1;0;1;1;0;1;1.0;1.0;0.6671
ENG327;There's two types of girls;1;0;1;1;0;1;0.6822;0.6822;0.6822
ENG328;I'm not saying she's a whore,all i'm saying is she's been on more wieners than Heinz ketchup;1;1;0;1;1;0;1.0;0.6632;1.0
ENG329;My wife was so sick this morning I had to carry her to the kitchen to make my breakfast;1;1;0;1;0;1;1.0;1.0;1.0
ENG330;The girls who don't show attitude are actually the best;1;0;0;1;0;0;0.6735;0.6735;0.6735
ENG331;Let's take extra long to look good for the guys we'll be ignoring tonight;1;0;1;1;0;0;0.6927;0.6927;0.6927
ENG332;I don't care if the guy has a sexy body or rock hard abs. I just care about his personality -said no women ever;1;0;0;1;1;0;0.6938;0.3505;0.3505
ENG333;women's logic Uses tiny pieces of cloth. Hates that men are always staring;1;1;1;1;1;0;0.6663;0.3434;0.3434
ENG334;Remember when I raped that girl? Neither does she;1;1;0;1;1;0;1.0;0.664;1.0
ENG335;You won't be laughing after you finish that drink;1;1;0;0;0;0;0.6672;0.0;0.0
ENG336;Hates women loves vagina;1;0;0;1;1;0;1.0;0.6566;0.6566
ENG337;One does not simply talk back to a woman;1;0;1;0;0;0;0.6971;0.0;0.0
ENG338;Hey I just met you, if you dont date me, you'll go to prison, i'll say you raped me;1;1;0;1;0;0;1.0;0.6571;1.0
ENG339;It took you 10 minutes to get home. Google maps says it takes 8. Who is she?;1;0;1;0;0;0;0.6398;0.0;0.0
ENG340;ain't no sandwich when she's gone;1;1;0;1;0;0;0.6364;0.6364;0.3318
ENG341;My girlfriend wanted to travel to the moon. I said the moon doesn't need cleaning yet;1;1;1;1;0;0;1.0;1.0;0.6716
ENG342;No shirt no service. No shirt free beer;1;0;1;0;0;0;0.6791;0.0;0.0
ENG343;I asked him to see things from my point of view. He looked out the kitchen window;1;1;1;1;1;0;0.695;0.695;0.695
ENG344;Would ya look at that, this dryer comes with a free dishwasher;1;1;0;1;0;0;1.0;0.6947;1.0
ENG345;Subway. Subway is very similar to prostitution...you pay other people to do your wife's job;1;1;0;1;0;0;1.0;0.6682;1.0
ENG346;What's the difference between your wife and your job? After five years your job will still suck;1;0;1;1;1;0;0.6669;0.345;0.345
ENG347;Wife material...yep she's got it!;1;0;1;1;1;0;0.6924;0.6924;0.6924
ENG348;Wait hold up!! Your legs open faster than google home page and you claim that you are wife material?;1;1;0;1;0;0;1.0;0.6947;1.0
ENG349;But God, she won't even make me a sandwich...;1;1;0;1;0;0;0.6938;0.6938;0.3505
ENG350;Bitch slap. Get that satisfaction look on your face today;1;1;0;1;1;0;0.6791;0.3411;0.3411
ENG351;Girls in business school vs engineering school;1;0;1;1;0;1;1.0;1.0;1.0
ENG352;Doctor: are you sexually active? Old woman: yes Doctor: that's disgusting;1;0;1;1;1;0;1.0;0.6634;1.0
ENG353;"So I was having sex with this girl and she kept yelling someone else's name. Who the fuck is ""rape""?";1;1;0;1;1;0;0.6782;0.6782;0.6782
ENG354;You're supposed to pull my chair out, hold the door open for me, pay for me and be nice to me no matter what while treating me like an equal;1;0;0;1;0;0;1.0;0.6716;0.6651
ENG355;A real woman shuts her damn mouth when her man is speaking;1;1;0;1;1;0;1.0;1.0;1.0
ENG356;You single bitches stay pregnant;1;1;0;1;1;0;1.0;1.0;1.0
ENG357;Girls can't find their hair ties but they know what you said 7 months ago at 6.30 pm;1;0;1;1;1;0;0.6927;0.6927;0.6927
ENG358;where hell-no means jell-o;1;1;0;0;0;0;0.6756;0.0;0.0
ENG359;it's not rape if we both cry;1;1;0;1;1;0;0.639;0.639;0.639
ENG360;Want to play the rape game?No? that's the spirit!;1;1;0;1;1;0;0.6759;0.6759;0.6759
ENG361;Boyfriend dumps me, guess i'll sleep with first ranga I can find;1;0;0;0;0;0;0.6514;0.0;0.0
ENG362;Blowjobs. If she didn't give head she would be useless;1;1;0;1;0;1;0.6809999999999999;0.3552;0.3552
ENG363;Says she can't find nice guy. Will only date nice guy - if he drives a bmw;1;0;0;1;0;1;1.0;1.0;0.6921
ENG364;I'm not saying that girls are stupid. What i'm saying is that girls are a special kind of stupidity;1;1;0;1;0;1;1.0;0.6462;0.6462
ENG365;Will the woman's protest be over in time for them to cook dinner?;1;1;0;1;0;0;1.0;1.0;0.6653
ENG366;Watch..as the hippo defends its territory;1;1;0;1;1;0;0.6542;0.6542;0.3343
ENG367;There was bread and mayo everywhere...you wouldn't know, you weren't there;1;0;0;0;0;0;0.6716;0.0;0.0
ENG368;Do not disturb. Sandwich maker audition in progress;1;1;0;0;0;0;1.0;0.0;0.0
ENG369;Two types of women in life, choose wisely;1;0;0;1;0;1;0.6632;0.6632;0.6632
ENG370;How men picture vegan women. real life vegan women;1;1;0;1;0;0;1.0;0.6947;1.0
ENG371;Men socialize by insulting each other but they dont' really mean it. Women socialize by complimenting each other, they don't mean it either.;1;0;1;1;0;1;0.6947;0.6947;0.6947
ENG372;What women think men look for. What men actually look for;1;0;1;1;0;0;1.0;0.6947;1.0
ENG373;Shout out to all the beautiful women who don't need to dress half naked to get a man's attention...stay classy!!!;1;0;0;0;0;0;0.6632;0.0;0.0
ENG374;Some women are single because a good man ain't their type;1;0;1;1;0;0;0.6869;0.6869;0.3455
ENG375;Madonna Miley Cyrus Lady Gaga. They didn't vote for Trump because he degraded the image of women in society;1;1;1;1;1;0;1.0;1.0;1.0
ENG376;National sandwich shortage 1-21-17. Never forget;1;1;0;0;0;0;0.6387;0.0;0.0
ENG377;Two types of women in this world;1;1;0;1;0;0;1.0;1.0;1.0
ENG378;why did she make the titties fake? no more fake titties. please do this for us lovely women and ladies.;1;0;0;0;0;0;0.7052;0.0;0.0
ENG379;A girl who shows a lot, has little to offer;1;0;0;1;0;0;0.6673;0.6673;0.6673
ENG380;Girls be like...it's my first time, honest.;1;1;0;1;0;1;0.6886;0.6886;0.6886
ENG381;when yo girl asks if you got anything to drink drinkable sausage tag your girl;1;0;1;1;1;0;1.0;1.0;1.0
ENG382;Dayum girl! You seem to have a lovely personality;1;0;1;0;0;0;0.6474;0.0;0.0
ENG383;How your girl acts when you start to use logic and facts during an argument;1;0;1;1;0;0;1.0;0.6808;0.639
ENG384;if your girl has any of these, she's a hoe head ear eyes jaw mouth neck teeth throat;1;1;0;1;1;0;1.0;0.6594;0.6824
ENG385;"do this for your girl on valentine's day. it means ""beautiful"" in spanish.";1;1;1;1;0;0;0.6651;0.6651;0.3368
ENG386;Girls boys school travel sport shopping going to sea;1;0;1;1;0;1;0.7077;0.7077;0.7077
ENG387;Any girl can do this. bout how many can do this?;1;0;0;0;0;0;0.6971;0.0;0.0
ENG388;Why women cry: sadness, happiness,????;1;0;1;1;0;1;0.6632;0.6632;0.6632
ENG389;Being unstable & bitchy is all part of my mystique;1;1;0;1;0;0;0.6811;0.6811;0.3486
ENG390;The floor is women rights;1;1;1;1;0;1;1.0;0.6623;0.6841
ENG391;Lol basically. Women, men.;1;0;1;1;0;1;0.682;0.682;0.682
ENG392;Stupid slow driver.. o its a woman;1;1;1;1;0;1;1.0;1.0;0.6587
ENG393;what men play with vs what women play with;1;0;1;0;0;0;0.6768;0.0;0.0
ENG394;Want free birth control close your legs;1;1;0;1;1;0;1.0;0.6549;1.0
ENG395;If ABS are made in the kitchen, why don't all women have them?;1;1;0;1;0;1;1.0;1.0;0.6623
ENG396;Women - good guy. douchebag women;1;1;1;1;0;1;1.0;0.6582;0.6582
ENG397;She burned the bacon only once;1;1;0;1;1;0;1.0;0.6804;0.6804
ENG398;Then: women tried to catch men. Now: women are so full of vile men hate that they drive men away.;1;0;0;1;1;0;1.0;0.6335;0.7035
ENG399;He told me to make him a sandwich. I should have listened;1;1;0;1;1;0;0.6765;0.6765;0.6765
ENG400;Joins the mililtary, gets kitchen duty;1;0;0;1;0;1;1.0;1.0;0.639
ENGN01;Yesterday I swallowed food colouring, I'm okay, but I  feel like I dyed inside. Dyed inside Coral, dyed inside!!!;0;0;0;0;0;0;1.0;0.0;0.0
ENGN02;01.01.01 02.02.02 03.03.03 04.04.04 05.05.05 06.06.06 07.07.07 08.08.08 09.09.09 10.10.10 11.11.11 12.12.12 I was there;0;0;0;0;0;0;1.0;0.0;0.0
ENGN03;not now, dad. We should burn Jon Snow. stop it dad. you know what will happen if he becomes a white walker? he'll become SNOW WHITE. SNOW WHITE!;0;0;0;0;0;0;0.696;0.0;0.0
ENGN04;"You ever hear of the movie ""Constipation""? Nope. That's because it hasn't come out yet.";0;0;0;0;0;0;1.0;0.0;0.0
ENGN05;Whoever stole my copy of Microsoft Office, I will find you. You have my word.;0;0;0;0;0;0;1.0;0.0;0.0
ENGN06;A huge 90's problem...I wasn't able to see a movie I wanted to watch in theaters. now i have to wait eight months for it to come out on vhs;0;0;0;0;0;0;0.6735;0.0;0.0
ENGN07;if James Bond is the most famous spy doesn't that make him the worst?;0;0;0;0;0;0;1.0;0.0;0.0
ENGN08;what if...one day google was deleted and we couldn't google what happened to google;0;0;0;0;0;0;1.0;0.0;0.0
ENGN09;Talk about how bad Trump is doing. Take credit for how well Trump is doing;0;0;0;0;0;0;1.0;0.0;0.0
ENGN10;hearing your voice on a recording;0;0;0;0;0;0;1.0;0.0;0.0
ENGN11;if god created the sun on the fourth day, how had four days passed?;0;0;0;0;0;0;1.0;0.0;0.0
ENGN12;Ladies and gentlemen,we apologize for the sudden nosedive and loss of aircraft control. Somebody on the ground pointed a laser inside the cockpit;0;0;0;0;0;0;1.0;0.0;0.0
ENGN13;just heard that in 2015 there will be a new device that can turn thoughts into speech. i have had that for years, its called alcohol;0;0;0;0;0;0;1.0;0.0;0.0
ENGN14;am i the only one around here who thinks that good grades don't mean that you are a clever person;0;0;0;0;0;0;1.0;0.0;0.0
ENGN15;closing all browser tabs after completing an assignment;0;0;0;0;0;0;1.0;0.0;0.0
ENGN16;i told him i needed space, he bought me a 500 gb hard drive;0;0;0;1;0;1;0.6566;0.6566;0.6566
ENGN17;"what if i told you the words ""vegan"" and ""organic"" are not synonymous with the word ""healthy""";0;0;0;0;0;0;1.0;0.0;0.0
ENGN18;one not does simply notice that the words are switched;0;0;0;0;0;0;1.0;0.0;0.0
ENGN19;not sure if i've lost all direction, motivation, and my life is falling apart, or just tired;0;0;0;0;0;0;1.0;0.0;0.0
ENGN20;"""don't worry, the spider is smaller than you"". yeah...so is a grenade";0;0;0;0;0;0;1.0;0.0;0.0
ENGN21;all i want for christmas is the feeling i got as a kid during christmas;0;0;0;0;0;0;0.6742;0.0;0.0
ENGN22;how the hell did they find DNA fo an aquatic dinosaur in a mosquito. jurassic world;0;0;0;0;0;0;1.0;0.0;0.0
ENGN23;we're fif, we have to be fair. ooh loo, a rich country wants to host in 2018;0;0;0;0;0;0;1.0;0.0;0.0
ENGN24;somebody out there is going to push a door that says pull. today, i'm goind to be better than that guy;0;0;0;0;0;0;1.0;0.0;0.0
ENGN25;"barked at mailman he said ""how cute""";0;0;0;0;0;0;0.6869;0.0;0.0
ENGN26;"""i love metal"" she said ""my fav metal band is nirvana"" she said";0;0;0;0;0;0;0.6612;0.0;0.0
ENGN27;has a math test at school accidentally packs TV remote instead of calculator;0;0;0;0;0;0;1.0;0.0;0.0
ENGN28;alright dave, let's talk numbers keep in mind i can only caount to three;0;0;0;0;0;0;1.0;0.0;0.0
ENGN29;who's this moderation people keep telling me to drink with?;0;0;0;0;0;0;1.0;0.0;0.0
ENGN30;i'm not anti-social i'm selectively social. there's a difference;0;0;0;0;0;0;1.0;0.0;0.0
ENGN31;that moment when you raise you hand and someone yells out the answer;0;0;0;0;0;0;1.0;0.0;0.0
ENGN32;yes i'm tall. no i've never played basketball;0;0;0;0;0;0;1.0;0.0;0.0
ENGN33;remember the days before whatsapp adn facebook messenger? MSN messenger remembers;0;0;0;0;0;0;1.0;0.0;0.0
ENGN34;how do you make holy water? boil the hell ou of it;0;0;0;0;0;0;1.0;0.0;0.0
ENGN35;tell a smoker that smoking is unhealthy and nobody bats an eye, tell a fat person that being fat is unhealthy and everybody loses their minds;0;0;0;0;0;0;0.623;0.0;0.0
ENGN36;i my client's defense the red light and green light look exaclty the same;0;0;0;0;0;0;1.0;0.0;0.0
ENGN37;i woke up early there was no worm;0;0;0;0;0;0;1.0;0.0;0.0
ENGN38;knows everything in australia wants to kill him. picks them up, hugs them and tells them how beautiful they are;0;0;0;0;0;0;1.0;0.0;0.0
ENGN39;hey good lookin can you tell me how to get to sesame street?;0;0;0;0;0;0;1.0;0.0;0.0
ENGN40;had to puke and was ont he hardwood flood but made it ot the carpet in time. today was a good day;0;0;0;0;0;0;1.0;0.0;0.0
ENGN41;look at all the exams i am not goind to pass;0;0;0;0;0;0;1.0;0.0;0.0
ENGN42;back in my day songs tolad a story and now it's just repeating crap sentences;0;0;0;0;0;0;0.7033;0.0;0.0
ENGN43;said something funny, someone else said it again only louder and people laughed;0;0;0;0;0;0;1.0;0.0;0.0
ENGN44;doctor cotpus robbed a banck this morning. did he have a gun?. no but he was well armed.;0;0;0;0;0;0;0.6325;0.0;0.0
ENGN45;brace youselves knowledge is coming;0;0;0;0;0;0;1.0;0.0;0.0
ENGN46;i told a chemistry joke there was no reaction;0;0;0;0;0;0;1.0;0.0;0.0
ENGN47;2+2 on test use calculator to be sure;0;0;0;0;0;0;1.0;0.0;0.0
ENGN48;i can't win arguments the reason i'm right is too complex to explain within the attention span of my opponent;0;0;0;0;0;0;0.6657;0.0;0.0
ENGN49;if you look into my resume you'll notice i have caught the red dot;0;0;0;0;0;0;0.6473;0.0;0.0
ENGN50;20 dollars worth of soap, i√¨m gonna need a signature. 1000 dollar of computer parts: i'll just leave this by your front door without knocking;0;0;0;0;0;0;1.0;0.0;0.0
ENGN51;you must be the square root of -1 because you can't be real;0;0;0;0;0;0;0.6663;0.0;0.0
ENGN52;that wasn't really an airplane that was just a spoon;0;0;0;0;0;0;1.0;0.0;0.0
ENGN53;when people talk about my driving.. but did you die?;0;0;0;0;0;0;1.0;0.0;0.0
ENGN54;legos? you must mean my carpet;0;0;0;0;0;0;0.6742;0.0;0.0
ENGN55;starts to eat food thta is obviously super hot, my tongue:;0;0;0;0;0;0;1.0;0.0;0.0
ENGN56;what if i told you reading off a power point doesn't make you a teacher;0;0;0;0;0;0;1.0;0.0;0.0
ENGN57;i don't always kill things but when i do it's beacuse they are thing and i'm a bear;0;0;0;0;0;0;1.0;0.0;0.0
ENGN58;chemical attacks kill a hundred people in syria and nobody bats an eye. ben affleck becomes batman and everyone loses their minds;0;0;0;0;0;0;1.0;0.0;0.0
ENGN59;if you wanted to play pc games you shouldn't have bought a mac;0;0;0;0;0;0;1.0;0.0;0.0
ENGN60;what if at the end of breaking bad they drop walt into witness protection and that's the start of malcom in the middle;0;0;0;0;0;0;1.0;0.0;0.0
ENGN61;a bicycle is like an acoustic version of a motorcycle;0;0;0;0;0;0;1.0;0.0;0.0
ENGN62;why the fuck do we translate foreign city names?;0;0;0;0;0;0;1.0;0.0;0.0
ENGN63;i got 99 problems and my nome is one;0;0;0;0;0;0;1.0;0.0;0.0
ENGN64;i don't always google why i'm sick but when i do, i have cancer;0;0;0;0;0;0;0.6682;0.0;0.0
ENGN65;if mary gave birth to jesus and jesus is the lamb of god.. did mary have a little lamb?;0;0;0;0;0;0;1.0;0.0;0.0
ENGN66;this roll is so bad nicolas cage turned it down!;0;0;0;0;0;0;1.0;0.0;0.0
ENGN67;something just touched my leg;0;0;0;0;0;0;1.0;0.0;0.0
ENGN68;becomes meme puts picture sideways;0;0;0;0;0;0;1.0;0.0;0.0
ENGN69;meredith, how do i open a new tab?;0;0;0;0;0;0;1.0;0.0;0.0
ENGN70;maybe if i quietly draw pandas everyone will forget about the whole nuke thing;0;0;0;0;0;0;0.7033;0.0;0.0
ENGN71;love is in the air? wrong. nitrogeon, oxygen anda carbon dioxide are in the air;0;0;0;0;0;0;1.0;0.0;0.0
ENGN72;is your body from mcdonalds? because i'm loving it;0;0;0;0;0;0;0.6694;0.0;0.0
ENGN73;you didn't study? you shall not pass!;0;0;0;0;0;0;1.0;0.0;0.0
ENGN74;did somebody say friday?;0;0;0;0;0;0;1.0;0.0;0.0
ENGN75;me when i'm awake.. i could eat.;0;0;0;0;0;0;1.0;0.0;0.0
ENGN76;i be in the 5ft area of the pool like;0;0;0;0;0;0;1.0;0.0;0.0
ENGN77;coffee is ready;0;0;0;0;0;0;1.0;0.0;0.0
ENGN78;"""life is  like a box of chocolates"" it doesn't last as long for fat people";0;0;0;0;0;0;1.0;0.0;0.0
ENGN79;next time they will buy food that i like;0;0;0;0;0;0;1.0;0.0;0.0
ENGN80;why isn't anyone giving me attention;0;0;0;0;0;0;0.7052;0.0;0.0
ENGN81;no one cares;0;0;0;0;0;0;1.0;0.0;0.0
ENGN82;students, failure, is this a sign of becoming nex bill gates?;0;0;0;0;0;0;1.0;0.0;0.0
ENGN83;i don't want to live on thi plante anymore;0;0;0;0;0;0;1.0;0.0;0.0
ENGN84;me: i don't care me at 3.30 am: ;0;0;0;0;0;0;1.0;0.0;0.0
ENGN85;united state, taco bell, is this mexican food?;0;0;0;0;0;0;1.0;0.0;0.0
ENGN86;who would win? steaple of imperial might vs one floaty skycraper;0;0;0;0;0;0;1.0;0.0;0.0
ENGN87;"ole mcdonald had a farm ""had!""";0;0;0;0;0;0;1.0;0.0;0.0
ENGN88;i don't always watch CNN only when i need a belly laugh;0;0;0;0;0;0;1.0;0.0;0.0
ENGN89;a little dirt never hurt but this is worse than traffic on the 290;0;0;0;0;0;0;1.0;0.0;0.0
ENGN90;walking, running, telereporting, not going to destination;0;0;0;0;0;0;1.0;0.0;0.0
ENGN91;when people give out broccoli on halloween;0;0;0;0;0;0;1.0;0.0;0.0
ENGN92;what really grinds my gears kids doing fortnite dances;0;0;0;0;0;0;1.0;0.0;0.0
ENGN93;i have a pen;0;0;0;0;0;0;0.6886;0.0;0.0
ENGN94;my comments get more views tha my memes;0;0;0;0;0;0;1.0;0.0;0.0
ENGN95;if you must curse do it in your own name;0;0;0;0;0;0;1.0;0.0;0.0
ENGN96;say that again i dare you blak ops 4 is better than fortnite;0;0;0;0;0;0;1.0;0.0;0.0
ENGN97;i'm making a zero with my hand, but i say something related to one;0;0;0;0;0;0;0.7052;0.0;0.0
ENGN98;who's on first base?;0;0;0;0;0;0;1.0;0.0;0.0
ENGN99;i met this great girl on facebook... her profile photo si ten years old but i'm sure she till looks that good;0;0;0;1;0;1;0.6921;0.6921;0.6921
ENGN100;today's the day! remember to vote!;0;0;0;0;0;0;1.0;0.0;0.0
ENGN101;Roses are red weed is green, i'm moving to Colorado if you know what I mean;0;0;0;0;0;0;1.0;0.0;0.0
ENGN102;Just whitened teeth. Large bottle of red wine for dinner.;0;0;0;0;0;0;1.0;0.0;0.0
ENGN103;think limber think loose think rubber goose;0;0;0;0;0;0;1.0;0.0;0.0
ENGN104;to be or not to be, that is the question;0;0;0;0;0;0;1.0;0.0;0.0
ENGN105;when no one sees your memes, I will;0;0;0;0;0;0;1.0;0.0;0.0
ENGN106;"long time, no see? why not ""long time, no a?""";0;0;0;0;0;0;1.0;0.0;0.0
ENGN107;when life gives you lemons make orange juice out of it;0;0;0;0;0;0;1.0;0.0;0.0
ENGN108;back in my day if they didn't join us we beat'em;0;0;0;0;0;0;0.6892;0.0;0.0
ENGN109;did you hear about the depressed sewer worker, he's been going through some shit;0;0;0;0;0;0;1.0;0.0;0.0
ENGN110;sometimes when i post stuff to facebook i get 12 responses in like 10 minutes, and i always think, don't you people have lives?;0;0;0;0;0;0;1.0;0.0;0.0
ENGN111;so if remus had beat romulus, would rome be called ream?;0;0;0;0;0;0;1.0;0.0;0.0
ENGN112;"fridge full of food, me,""let's eat out tonight""";0;0;0;0;0;0;0.6594;0.0;0.0
ENGN113;what should we do about daylight savings? move clock forward. move clock backwards. move to arizona.;0;0;0;0;0;0;1.0;0.0;0.0
ENGN114;I'm looking for a girl with personality. I've got multiple!;0;0;0;0;0;0;0.6632;0.0;0.0
ENGN115;gravity, gravity nowhere;0;0;0;0;0;0;1.0;0.0;0.0
ENGN116;my face when i saw the leader board of imgflip. challenge accepted;0;0;0;0;0;0;1.0;0.0;0.0
ENGN117;when you are having a bad day so you roast someone and they roast you back better;0;0;0;0;0;0;1.0;0.0;0.0
ENGN118;"Saw two blind guys fighting in the street. should've seen the look on their faces when i said ""my money is on the one with the knife""";0;0;0;0;0;0;1.0;0.0;0.0
ENGN119;when your classmates are arguing if the answer is 10 or 12 and your answer is 1000;0;0;0;0;0;0;0.6387;0.0;0.0
ENGN120;Flex seal? You mean my chest hair wax?;0;0;0;0;0;0;0.6448;0.0;0.0
ENGN121;"that face you make when you hear another ""jilted love"" song by Taylor Swift";0;0;0;0;0;0;1.0;0.0;0.0
ENGN122;when you glue the apple logo to your cheapie phone;0;0;0;0;0;0;1.0;0.0;0.0
ENGN123;meatlof, black eye peas, red hot chili peppers and korn? I asked what bands do you like not what you had dinner;0;0;0;0;0;0;0.6791;0.0;0.0
ENGN124;who is alarm and why is she calling you at 7.30 every morning;0;0;0;0;0;0;0.6634;0.0;0.0
ENGN125;i'll make my own star wars trilogy with blackjack and hookers;0;0;0;1;0;1;0.6802;0.6802;0.361
ENGN126;say ginger one more time motherfucker;0;0;0;0;0;0;0.6672;0.0;0.0
ENGN127;this lamb is so undercooked welsh people are still trying to shag it;0;0;0;0;0;0;1.0;0.0;0.0
ENGN128;born with hiv cured;0;0;0;0;0;0;1.0;0.0;0.0
ENGN129;no time to explain. get in the car;0;0;0;0;0;0;1.0;0.0;0.0
ENGN130;"""excuse me sir,"" ""do you have time to talk about our lord, Poseidon?""";0;0;0;0;0;0;1.0;0.0;0.0
ENGN131;can february march? no, but april may;0;0;0;0;0;0;1.0;0.0;0.0
ENGN132;soft kitty, warm kitty, little ball of no.;0;0;0;0;0;0;1.0;0.0;0.0
ENGN133;i don't think those were biscuits;0;0;0;0;0;0;1.0;0.0;0.0
ENGN134;the working dead;0;0;0;0;0;0;1.0;0.0;0.0
ENGN135;i liked titanic. my favourite character was the iceberg;0;0;0;0;0;0;1.0;0.0;0.0
ENGN136;how i imagine cats see road trips;0;0;0;0;0;0;1.0;0.0;0.0
ENGN137;one does not simply talk to their pet in a normal voice. no they don't, oh no they don't;0;0;0;0;0;0;1.0;0.0;0.0
ENGN138;i shouldn't have sold my boat;0;0;0;0;0;0;1.0;0.0;0.0
ENGN139;i should buy a pancho;0;0;0;0;0;0;1.0;0.0;0.0
ENGN140;if you want a girlfriend close the internet and go outside;0;0;0;0;0;0;0.6791;0.0;0.0
ENGN141;glad you could make it, mr. Bond;0;0;0;0;0;0;1.0;0.0;0.0
ENGN142;"""the ball attacked me, i swear""";0;0;0;0;0;0;1.0;0.0;0.0
ENGN143;take a bath they said, it'll be fun they said;0;0;0;0;0;0;1.0;0.0;0.0
ENGN144;aparkment;0;0;0;0;0;0;1.0;0.0;0.0
ENGN145;no i will not play gangnam style;0;0;0;0;0;0;0.6479;0.0;0.0
ENGN146;february is so close i can taste it;0;0;0;0;0;0;1.0;0.0;0.0
ENGN147;i did the math, we can't afford the cat;0;0;0;0;0;0;1.0;0.0;0.0
ENGN148;what the fuck are you laughing at?;0;0;0;0;0;0;0.6791;0.0;0.0
ENGN149;we'll make our own country with Romney and Jesus;0;0;0;0;0;0;1.0;0.0;0.0
ENGN150;what am i doing with my lives?;0;0;0;0;0;0;1.0;0.0;0.0
ENGN151;visit New York, they said, it's a great city, they said;0;0;0;0;0;0;1.0;0.0;0.0
ENGN152;moo motherfucker moo;0;0;0;0;0;0;1.0;0.0;0.0
ENGN153;my friends said onions were the only food that makes you cry, so i made him eat his children;0;0;0;0;0;0;1.0;0.0;0.0
ENGN154;she said she'd call me maybe...;0;0;0;0;0;0;1.0;0.0;0.0
ENGN155;i just met you, and this is crazy. but i'm from the future and i'm your baby;0;0;0;0;0;0;1.0;0.0;0.0
ENGN156;open birthday card, pretend not to notice money as you finish it reading it;0;0;0;0;0;0;1.0;0.0;0.0
ENGN157;not sure if in shower for 5 minutes or 10;0;0;0;0;0;0;1.0;0.0;0.0
ENGN158;hi, you may remember me from the alphabet;0;0;0;0;0;0;1.0;0.0;0.0
ENGN159;that's the sealiest thing i've ever heard;0;0;0;0;0;0;1.0;0.0;0.0
ENGN160;oh, you studied abroad last year? tell me all about how cultured you are now.;0;0;0;0;0;0;0.6682;0.0;0.0
ENGN161;hey, i just met you, and this is crazy, but i'm your father, so join me baby;0;0;0;0;0;0;1.0;0.0;0.0
ENGN162;play rock paper scissors gun;0;0;0;0;0;0;1.0;0.0;0.0
ENGN163;hasn't been played in 15 years, still remembers where you left off;0;0;0;0;0;0;1.0;0.0;0.0
ENGN164;dog level: Jesus;0;0;0;0;0;0;1.0;0.0;0.0
ENGN165;your life is bad and you should feel bad;0;0;0;0;0;0;1.0;0.0;0.0
ENGN166;kevin come on!;0;0;0;0;0;0;0.6924;0.0;0.0
ENGN167;now what did i miss?;0;0;0;0;0;0;1.0;0.0;0.0
ENGN168;it's my birthday! lets party;0;0;0;0;0;0;1.0;0.0;0.0
ENGN169;brace yourselfs, half term is nearly here;0;0;0;0;0;0;1.0;0.0;0.0
ENGN170;"when you catch someone in a lie and they give you this face like ""what""";0;0;0;0;0;0;1.0;0.0;0.0
ENGN171;my hair is a bird, your argument is invalid;0;0;0;0;0;0;0.6921;0.0;0.0
ENGN172;i'm french and i can't sell cars in the usa;0;0;0;0;0;0;1.0;0.0;0.0
ENGN173;cool story;0;0;0;0;0;0;0.6657;0.0;0.0
ENGN174;happy birthday Brian, want a balloon?;0;0;0;0;0;0;1.0;0.0;0.0
ENGN175;when your freind says bazzinga;0;0;0;0;0;0;1.0;0.0;0.0
ENGN176;"say ""brick"" one more time";0;0;0;0;0;0;1.0;0.0;0.0
ENGN177;sorry folks, portal's closed;0;0;0;0;0;0;1.0;0.0;0.0
ENGN178;write me a postcard!;0;0;0;0;0;0;1.0;0.0;0.0
ENGN179;no parade for you!;0;0;0;0;0;0;1.0;0.0;0.0
ENGN180;acupuncture is great you should try it. you should flip over and tell me that again;0;0;0;0;0;0;1.0;0.0;0.0
ENGN181;rich for president;0;0;0;0;0;0;1.0;0.0;0.0
ENGN182;and then i told them we wont touch your social security;0;0;0;0;0;0;0.6657;0.0;0.0
ENGN183;still waiting on that snap;0;0;0;0;0;0;1.0;0.0;0.0
ENGN184;it's a shame;0;0;0;0;0;0;0.6842;0.0;0.0
ENGN185;weed is awesome;0;0;0;0;0;0;1.0;0.0;0.0
ENGN186;hey! i'm peeing over here;0;0;0;0;0;0;1.0;0.0;0.0
ENGN187;movies today;0;0;0;0;0;0;1.0;0.0;0.0
ENGN188;space force recruit;0;0;0;0;0;0;1.0;0.0;0.0
ENGN189;i see you;0;0;0;0;0;0;1.0;0.0;0.0
ENGN190;oh hi there;0;0;0;0;0;0;1.0;0.0;0.0
ENGN191;cross-fit;0;0;0;0;0;0;1.0;0.0;0.0
ENGN192;urinate in the ballot box;0;0;0;0;0;0;1.0;0.0;0.0
ENGN193;oh really?;0;0;0;0;0;0;1.0;0.0;0.0
ENGN194;if your single then why dont you date me;0;0;0;0;0;0;1.0;0.0;0.0
ENGN195;good luck;0;0;0;0;0;0;1.0;0.0;0.0
ENGN196;i see research papers;0;0;0;0;0;0;1.0;0.0;0.0
ENGN197;150 songs in a playlist, plays the same 30 songs when on shuffle;0;0;0;0;0;0;1.0;0.0;0.0
ENGN198;it's okay!...i guess;0;0;0;0;0;0;1.0;0.0;0.0
ENGN199;when did you become an expert in superamolecular chemistry? last night.;0;0;0;0;0;0;1.0;0.0;0.0
ENGN200;facebook: exists. old white people: this is the perfect place for me to play out my political agenda;0;0;0;0;0;0;0.6589;0.0;0.0
ENGN201;writing samples deu friday???;0;0;0;0;0;0;1.0;0.0;0.0
ENGN202;megatron, all hail global domination. vote for megatron;0;0;0;0;0;0;1.0;0.0;0.0
ENGN203;its paid for!;0;0;0;0;0;0;1.0;0.0;0.0
ENGN204;no god please nooooooo;0;0;0;0;0;0;1.0;0.0;0.0
ENGN205;red pill live in the past blue pill live in the future;0;0;0;0;0;0;1.0;0.0;0.0
ENGN206;i said do your homework;0;0;0;0;0;0;1.0;0.0;0.0
ENGN207;sen all we got;0;0;0;0;0;0;1.0;0.0;0.0
ENGN208;great day fr the missions;0;0;0;0;0;0;0.6814;0.0;0.0
ENGN209;thats my nut;0;0;0;0;0;0;1.0;0.0;0.0
ENGN210;one day you boss calls;0;0;0;0;0;0;0.6605;0.0;0.0
ENGN211;fail. security camera;0;0;0;0;0;0;1.0;0.0;0.0
ENGN212;thats my nut;0;0;0;0;0;0;1.0;0.0;0.0
ENGN213;he is who we though he was;0;0;0;0;0;0;1.0;0.0;0.0
ENGN214;quick, back in the truck. they've dropped us in dewsbury;0;0;0;0;0;0;1.0;0.0;0.0
ENGN215;hel up help you get 1000 dollars in cash;0;0;0;0;0;0;1.0;0.0;0.0
ENGN216;hershel has two speeds zero and hershel;0;0;0;0;0;0;1.0;0.0;0.0
ENGN217;im so happy cause it's my birthday!!;0;0;0;0;0;0;1.0;0.0;0.0
ENGN218;oh boy rabbit eggs for easter;0;0;0;0;0;0;1.0;0.0;0.0
ENGN219;what.. no fucking steroids.. bullshit!;0;0;0;0;0;0;0.6381;0.0;0.0
ENGN220;please riot quietly;0;0;0;0;0;0;1.0;0.0;0.0
ENGN221;when you surf reddit for 2 hours and realize it was on mobile data;0;0;0;0;0;0;1.0;0.0;0.0
ENGN222;you fool. no man can kill me. i am  no man;0;0;0;0;0;0;1.0;0.0;0.0
ENGN223;hey man, it's been long, how you doing? listen, i need a favor;0;0;0;0;0;0;1.0;0.0;0.0
ENGN224;oh lawd he comin;0;0;0;0;0;0;1.0;0.0;0.0
ENGN225;"when you're telling a story and someone interrupts u like ""oh that happened to me too"" and stat telling their story";0;0;0;0;0;0;1.0;0.0;0.0
ENGN226;officer: NYPD sir, whats are you doing there. frank: sir i'm not black. officer * laughing*;0;0;0;0;0;0;0.6886;0.0;0.0
ENGN227;i need araise my wife five kids yesterday;0;0;0;0;0;0;1.0;0.0;0.0
ENGN228;reddit, anything else. surprised pikachu memes;0;0;0;0;0;0;1.0;0.0;0.0
ENGN229;bank teller: first name. me: robin. bank teller: last name. me: dabank. nak teller: so you're robn dabank? me:;0;0;0;0;0;0;1.0;0.0;0.0
ENGN230;barin: break it. me: why? brain: you gotta. thing: *snaps in half* me:;0;0;0;0;0;0;1.0;0.0;0.0
ENGN231;"imagine getting jumped in november and you hear someone yeel ""beat that nigga's meat""";0;0;0;1;1;0;0.6809999999999999;0.6809999999999999;0.6809999999999999
ENGN232;what is your favorite food? i like bagels because they're empty inside just like me. randy C.;0;0;0;1;1;0;0.6901;0.3526;0.6901
ENGN233;father of 9 divoces wife after finding out he had been sterile for most of his life. sneak 100;0;0;0;0;0;0;1.0;0.0;0.0
ENGN234;when you get paid bi-weekly. week one surf and turf. week 2 ice soup;0;0;0;0;0;0;1.0;0.0;0.0
ENGN235;me: i need another pokey thing for the map to plan the mambush. soldier: you mean a tack?. me: yeah, but like by surprise;0;0;0;0;0;0;1.0;0.0;0.0
ENGN236;friend: you can't just recreate a meme using only desktop icons. me: *does it anyways*. friend:;0;0;0;0;0;0;1.0;0.0;0.0
ENGN237;iMac which finally supports windows;0;0;0;0;0;0;1.0;0.0;0.0
ENGN238;unvaccinated kids, things that never get old, jokes about anti-vaxxers;0;0;0;1;1;0;0.6545;0.3414;0.6545
ENGN239;when you look something up on Amazon and suddenly it showa up as an ad on every app;0;0;0;0;0;0;1.0;0.0;0.0
ENGN240;floppy disk 1.4MB. usb drive 64GB. hard drive 5TB. andry of remembering all of my past mistakes 1,000,000 TB;0;0;0;0;0;0;0.6892;0.0;0.0
ENGN241;me friends telling a story vs me telling a story;0;0;0;0;0;0;1.0;0.0;0.0
ENGN242;things i studied. things on the exam;0;0;0;0;0;0;1.0;0.0;0.0
ENGN243;when you bet your grandson he can't hold a pillow over grandma's face for more than 2 minutes;0;0;0;0;0;0;0.7052;0.0;0.0
ENGN244;waiter: your steak sir. very rare. me: thanks. wow that is rare. Non-pikachu memes on reddit.;0;0;0;0;0;0;1.0;0.0;0.0
ENGN245;looks at memes. cry. looks at memes;0;0;0;0;0;0;1.0;0.0;0.0
ENGN246;the ol' razzle dazzle;0;0;0;0;0;0;1.0;0.0;0.0
ENGN247;when you can't draw for shit but you need help;0;0;0;0;0;0;1.0;0.0;0.0
ENGN248;"me whenever i get a random ass sharp pain and i think ""this is finally it"" but then it goes away and i have to continue living this stupid fucking life. wack";0;0;0;0;0;0;1.0;0.0;0.0
ENGN249;me: opens a package and sets the box aside. my cat:;0;0;0;0;0;0;1.0;0.0;0.0
ENGN250;pictures of amy shumer me about to fail no nut november;0;0;0;0;0;0;1.0;0.0;0.0
ENGN251;google: no.1 search engine. me: use google to check spelling. google: am i joke to you?;0;0;0;0;0;0;1.0;0.0;0.0
ENGN252;college is better because you study what you actually want to. after the first semester: so that was a fucking lie.;0;0;0;0;0;0;1.0;0.0;0.0
ENGN253;when you and your homies ding dong the wrong house;0;0;0;0;0;0;1.0;0.0;0.0
ENGN254;i almost too a girl home last night until this guy showed up;0;0;0;0;0;0;0.695;0.0;0.0
ENGN255;4th graders when they lift 2 chairs at once to help the teacher;0;0;0;0;0;0;1.0;0.0;0.0
ENGN256;predictor. when you need to know.;0;0;0;0;0;0;0.6804;0.0;0.0
ENGN257;how broke are you. me:;0;0;0;0;0;0;0.6971;0.0;0.0
ENGN258;i used to think actua l jokes were funny now this has me laughing for 30 minutes. juice. ju;0;0;0;0;0;0;1.0;0.0;0.0
ENGN259;using the wrong image *get 10k upvotes* reddit;0;0;0;0;0;0;1.0;0.0;0.0
ENGN260;when you get three upvotes on a meme that took you two seconds to steal;0;0;0;0;0;0;1.0;0.0;0.0
ENGN261;tfw your engineers make new Emojis but you asked for new Emotions;0;0;0;0;0;0;1.0;0.0;0.0
ENGN262;kid: when i grow up- anti-vaxxer mom: i'm gonna stop you right there.;0;0;0;1;0;1;1.0;1.0;1.0
ENGN263;this could be us but i hate running nd you don't exist;0;0;0;0;0;0;0.6886;0.0;0.0
ENGN264;"when you win the lottery and your girl saya ""we won""";0;0;0;1;0;1;0.639;0.3198;0.3198
ENGN265;you have a math test today. no calculators allowed. show all you work. you friend comes out as a furry. the emo kid starts shooting up the school.;0;0;0;0;0;0;1.0;0.0;0.0
ENGN266;did you assume my tender? cash or debit?;0;0;0;0;0;0;0.6464;0.0;0.0
ENGN267;i'm going to bed. but it's only 4:30! sorry what? can't hear you!;0;0;0;0;0;0;1.0;0.0;0.0
ENGN268;oh meme market what should we do to help poor investors? provide templates. the meme market has spoken;0;0;0;0;0;0;1.0;0.0;0.0
ENGN269;thanos was a terrible soccer player. the entire time i knew thano, he only ever had one goal.;0;0;0;0;0;0;1.0;0.0;0.0
ENGN270;when you try to discipline your cat;0;0;0;0;0;0;1.0;0.0;0.0
ENGN271;pentagon hexagon octagon 4everalon;0;0;0;0;0;0;1.0;0.0;0.0
ENGN272;some say goku is the best. some say it's vegeta. but deep down we all know that israel is not a legitimate state;0;0;0;0;0;0;0.7035;0.0;0.0
ENGN273;me: makes the perfect meme twist. *gets no upvotes and gets OC stolen and reposted for 15.2k karma. me:;0;0;0;0;0;0;1.0;0.0;0.0
ENGN274;is my son ok? you won't be needing that one anymore.;0;0;0;0;0;0;1.0;0.0;0.0
ENGN275;when i get honked at by croos traffic because i'm in the center of the intersection (not moving) waiting for the cars in front of me to proceed;0;0;0;0;0;0;1.0;0.0;0.0
ENGN276;you may think you're hipster but you'll never be car-seat replaced-with-vintage rocking-chair hipster;0;0;0;0;0;0;1.0;0.0;0.0
ENGN277;interviewer: how would you describe yourself? me: verbally, but i've also prepared a dance;0;0;0;0;0;0;1.0;0.0;0.0
ENGN278;on facetime with you bet friend like;0;0;0;0;0;0;1.0;0.0;0.0
ENGN279;you fuck you earth! well, fuck you too...;0;0;0;0;0;0;1.0;0.0;0.0
ENGN280;discovering new places with your friends.justageofempirestthings;0;0;0;0;0;0;1.0;0.0;0.0
ENGN281;abbey road. babcia road;0;0;0;0;0;0;1.0;0.0;0.0
ENGN282;game: this is a stealth mission, please try to not be discovered. me:;0;0;0;0;0;0;1.0;0.0;0.0
ENGN283;believe in something. even if it means sacrificing half of everything. just do it.;0;0;0;0;0;0;1.0;0.0;0.0
ENGN284;VLC media planner has encoutntered a prblem with windows;0;0;0;0;0;0;1.0;0.0;0.0
ENGN285;happy birthday to my twin sis @ beyonce (no we ain's related, we just loo alike) #HappyBirthdaybeyonc√®;0;0;0;0;0;0;0.6812;0.0;0.0
ENGN286;the relationship between you degree and the field of your work...;0;0;0;0;0;0;1.0;0.0;0.0
ENGN287;sitting. few minutes later... then... now...;0;0;0;0;0;0;1.0;0.0;0.0
ENGN288;there may have been a mixcommunication with the decorator.. happy birthday dick ha ha ha don't write that his name is matt;0;0;0;0;0;0;1.0;0.0;0.0
ENGN289;i think i've found the shortest work zone ever.. work zone begins. end road work;0;0;0;0;0;0;1.0;0.0;0.0
ENGN290;me: i need to do so much when i get home! me 5 mins after getting home: lol true;0;0;0;0;0;0;1.0;0.0;0.0
ENGN291;me trying to fit the fact that i voted into every conversation. voters are the new vegans;0;0;0;0;0;0;1.0;0.0;0.0
ENGN292;me in class taking a picture of the board that i know i will never look at again. cuz my friend distract me trunna always go out;0;0;0;0;0;0;1.0;0.0;0.0
ENGN293;when you're super drunk and the microwave goes off while everybody is asleep;0;0;0;0;0;0;1.0;0.0;0.0
ENGN294;just putin on my glasses;0;0;0;0;0;0;1.0;0.0;0.0
ENGN295;"here come the ""i voted"" stickers just like getting participation trophies";0;0;0;0;0;0;1.0;0.0;0.0
ENGN296;me when i haven't gotten any attention in 12 minutes. tag a drama queen lol;0;0;0;0;0;0;0.6808;0.0;0.0
ENGN297;you will graduated. you will get that degree. you will get the hell put of that school. thanks human. one day mirror one day;0;0;0;0;0;0;1.0;0.0;0.0
ENGN298;my RAM watching me open the 113th tab on chrome;0;0;0;0;0;0;1.0;0.0;0.0
ENGN299;when the new university batch comes in all innocent and motivated but you've been there for 3 years you know university life sucks;0;0;0;0;0;0;0.6962;0.0;0.0
ENGN300;go slow accident porn area;0;0;0;0;0;0;1.0;0.0;0.0
ENGN301;hello from the other side i must've meowed a thousands time;0;0;0;0;0;0;1.0;0.0;0.0
ENGN302;1. make plans 2. cancel plans 3. feel relief 4. see pics of friends having fun at thing 5. feel bad 6. vow not to miss next thing 7. repeat;0;0;0;1;0;1;0.6549;0.6549;0.6549
ENGN303;in a parallel universe. if you wanna be my lover you gotta get a phd;0;0;0;0;0;0;1.0;0.0;0.0
ENGN304;that moment when you download windows 10 to your windows 98 computer. that's too much power for one man to have.;0;0;0;0;0;0;0.6651;0.0;0.0
ENGN305;jeff, i think you should play the role of my father. i don't want to be you father. that's perfect, you already know your lines.;0;0;0;0;0;0;1.0;0.0;0.0
ENGN306;even i don't know the viridian leader's identity. viridian pokemon gym leader: giovanni ;0;0;0;0;0;0;1.0;0.0;0.0
ENGN307;all the big tech companies are ditching their bomb emojis for water ballons;0;0;0;0;0;0;0.6921;0.0;0.0
ENGN308;just peeked outside to see if it was hot;0;0;0;0;0;0;1.0;0.0;0.0
ENGN309;shhh quiet! i think they understand mandarin;0;0;0;0;0;0;1.0;0.0;0.0
ENGN310;me trying to figure out which days to wash my hair so it can line up with my plans;0;0;0;0;0;0;0.6623;0.0;0.0
ENGN311;you were my brother anakin. i loved you;0;0;0;0;0;0;1.0;0.0;0.0
ENGN312;how doctors listen to music;0;0;0;0;0;0;1.0;0.0;0.0
ENGN313;if you see a mouse put this much effort he deserves to live in you house;0;0;0;0;0;0;1.0;0.0;0.0
ENGN314;"""we're only going away for a day. pack light"" Me: ";0;0;0;0;0;0;1.0;0.0;0.0
ENGN315;this seems like a good spot. a good spot for wha-;0;0;0;0;0;0;1.0;0.0;0.0
ENGN316;when you're an asshole but a smart asshole;0;0;0;0;0;0;1.0;0.0;0.0
ENGN317;when she texts you back after 4 hours and you text her back 11 hours later;0;0;0;0;0;0;0.6921;0.0;0.0
ENGN318;when you can't reach the last pringle;0;0;0;0;0;0;1.0;0.0;0.0
ENGN319;her: i like gym boys. me: (trying to impress her);0;0;0;0;0;0;1.0;0.0;0.0
ENGN320;cat logic;0;0;0;0;0;0;1.0;0.0;0.0
ENGN321;if it looks stupid but works it ain't stupid;0;0;0;0;0;0;1.0;0.0;0.0
ENGN322;normal gamers use that. pro ganers use this. but only legends use this;0;0;0;0;0;0;1.0;0.0;0.0
ENGN323;main account vs private account;0;0;0;0;0;0;1.0;0.0;0.0
ENGN324;choose your fighter;0;0;0;0;0;0;1.0;0.0;0.0
ENGN325;front back;0;0;0;0;0;0;1.0;0.0;0.0
ENGN326;when u have nice hat and someone mentions it and you feel nice;0;0;0;0;0;0;1.0;0.0;0.0
ENGN327;cats are like tattoos. you start off with one and end uo with fifteen!;0;0;0;0;0;0;1.0;0.0;0.0
ENGN328;when the selfi comes out better than expected so u have to show it off;0;0;0;0;0;0;1.0;0.0;0.0
ENGN329;only pack essentials when going on vacation;0;0;0;0;0;0;1.0;0.0;0.0
ENGN330;when you writing idea you thought was original turns out to be a copy of something else;0;0;0;0;0;0;1.0;0.0;0.0
ENGN331;never went to the dentist turned out just fine;0;0;0;0;0;0;1.0;0.0;0.0
ENGN332;happy birthday girrrlll!;0;0;0;0;0;0;0.696;0.0;0.0
ENGN333;so, you're religious? tell me more about you imaginary friend;0;0;0;0;0;0;1.0;0.0;0.0
ENGN334;before you judge me, please understand that i don't give a fuck whats you think about me;0;0;0;0;0;0;1.0;0.0;0.0
ENGN335;when teachers send the test in advance;0;0;0;0;0;0;1.0;0.0;0.0
ENGN336;i lost my balls to anabolic steroids. u can do it too;0;0;0;0;0;0;1.0;0.0;0.0
ENGN337;wtf did i just read;0;0;0;0;0;0;1.0;0.0;0.0
ENGN338;my son does not watch porn he is under 18;0;0;0;0;0;0;0.6526;0.0;0.0
ENGN339;the white guy was not a threat. the black guy i had to kill;0;0;0;1;1;0;0.6901;0.6901;0.6901
ENGN340;trump voter;0;0;0;0;0;0;0.6464;0.0;0.0
ENGN341;"when people ad how wedding planning is going """"""""i'm fine""""""""""""";0;0;0;0;0;0;1.0;0.0;"0.0"""
ENGN342;excited feeling about school starting aaaaaand it's gone;0;0;0;0;0;0;1.0;0.0;0.0
ENGN343;love? ain't nobody got time for that;0;0;0;0;0;0;1.0;0.0;0.0
ENGN344;my only son left africa to be president in the USA;0;0;0;0;0;0;0.6682;0.0;0.0
ENGN345;got ricked out of the party started my own party;0;0;0;0;0;0;1.0;0.0;0.0
ENGN346;jews complining about energy costs?free gas;0;0;0;0;0;0;0.7033;0.0;0.0
ENGN347;wait, hold up let me get this straight;0;0;0;0;0;0;1.0;0.0;0.0
ENGN348;me... watching the ocean as i ride away from it;0;0;0;0;0;0;0.695;0.0;0.0
ENGN349;thinks religion is nonsense but crystals bring us healing energy;0;0;0;0;0;0;0.6948;0.0;0.0
ENGN350;distractions, distractions everywhere;0;0;0;0;0;0;1.0;0.0;0.0
ENGN351;you only had one job!!!;0;0;0;0;0;0;0.6348;0.0;0.0
ENGN352;cyberbullying?here's one quick solution;0;0;0;0;0;0;1.0;0.0;0.0
ENGN353;friends with benefits? what like healthcare and dental;0;0;0;0;0;0;0.6526;0.0;0.0
ENGN354;just use your imagination;0;0;0;0;0;0;1.0;0.0;0.0
ENGN355;apply cold water to the burned area;0;0;0;1;1;1;0.687;0.687;0.687
ENGN356;my face when i open the refrigerator... and someone drank my last beer!;0;0;0;0;0;0;0.6822;0.0;0.0
ENGN357;assassination? funny you should mention that...;0;0;0;0;0;0;1.0;0.0;0.0
ENGN358;finally get a girlfriend and a good relationship panic mode enabled, sabotage sequence initiated;0;0;0;0;0;0;1.0;0.0;0.0
ENGN359;so he left the bacon completely unguarded on the counter?;0;0;0;0;0;0;1.0;0.0;0.0
ENGN360;happy easter i'm baaaaaack!;0;0;0;0;0;0;0.6869;0.0;0.0
ENGN361;FFS stop changin your minds;0;0;0;0;0;0;1.0;0.0;0.0
ENGN362;company clerk be like yeah i work hard as fuck;0;0;0;0;0;0;1.0;0.0;0.0
ENGN363;wife asks if she looks fat. yes;0;0;0;1;0;1;0.6586;0.3455;0.3455
ENGN364;scan one more time and i will scan with this hammer;0;0;0;0;0;0;1.0;0.0;0.0
ENGN365;when office meetings go on forever;0;0;0;0;0;0;1.0;0.0;0.0
ENGN366;got money retarded;0;0;0;0;0;0;0.7035;0.0;0.0
ENGN367;you know what really grind my gears? two faced family members.;0;0;0;0;0;0;1.0;0.0;0.0
ENGN368;finish morning workout clear browser hostory;0;0;0;0;0;0;0.6526;0.0;0.0
ENGN369;fuck it! that's enough internet for today;0;0;0;0;0;0;1.0;0.0;0.0
ENGN370;according to my calculations you're not an idiot;0;0;0;0;0;0;1.0;0.0;0.0
ENGN371;yah... thats was funny really funny;0;0;0;0;0;0;1.0;0.0;0.0
ENGN372;sorry i'm late i was reading the replies;0;0;0;0;0;0;1.0;0.0;0.0
ENGN373;when you miss bae;0;0;0;0;0;0;1.0;0.0;0.0
ENGN374;i won the nigerian lottery for 1million!yes!!;0;0;0;0;0;0;0.68;0.0;0.0
ENGN375;i can't stop saying bro bro!;0;0;0;0;0;0;1.0;0.0;0.0
ENGN376;please tell me the calendar is wrong.. it can't be monday again;0;0;0;0;0;0;1.0;0.0;0.0
ENGN377;women judge and objectify other women more than men do. but that's non of my business;0;0;0;0;0;0;0.669;0.0;0.0
ENGN378;you're stuck with me.. forever;0;0;0;0;0;0;0.7052;0.0;0.0
ENGN379;when you beard gets weird and you feel like castaway;0;0;0;0;0;0;1.0;0.0;0.0
ENGN380;what has 42 teeth and holds back the hulk.. my zipper;0;0;0;0;0;0;1.0;0.0;0.0
ENGN381;what do you have when two cells replicate indefinitely? cancer. you have cancer.;0;0;0;0;0;0;1.0;0.0;0.0
ENGN382;hilary for president ahahahah;0;0;0;0;0;0;1.0;0.0;0.0
ENGN383;the rolling stones are another name for rock n roll;0;0;0;0;0;0;1.0;0.0;0.0
ENGN384;internet is down me too;0;0;0;0;0;0;0.6594;0.0;0.0
ENGN385;my code works i have no idea why;0;0;0;0;0;0;1.0;0.0;0.0
ENGN386;my wife says that she got fat because it runs in her family. nobody runs in her family;0;0;0;0;0;0;0.6791;0.0;0.0
ENGN387;no, patrick chicken nuggets is not ad exercise;0;0;0;0;0;0;1.0;0.0;0.0
ENGN388;mcdonalds, her family, exsircise;0;0;0;1;0;1;1.0;1.0;0.6629999999999999
ENGN389;cant' hate comments if you don't get a meme to the front page;0;0;0;0;0;0;1.0;0.0;0.0
ENGN390;you were the chosen one! you were meant to destroy the downvoters, not join them!;0;0;0;0;0;0;1.0;0.0;0.0
ENGN391;you don't post in politcs do you?;0;0;0;0;0;0;1.0;0.0;0.0
ENGN392;chuck norris doesn't find his missing car keys. they find him;0;0;0;0;0;0;1.0;0.0;0.0
ENGN393;if florida can just sink into the ocean. that'd be great;0;0;0;0;0;0;1.0;0.0;0.0
ENGN394;what if i told you raydong isn't an actual dog;0;0;0;0;0;0;1.0;0.0;0.0
ENGN395;"find a picture of 4 girls together on FB make a comemnt that ""you three look pretty""";0;0;0;1;0;0;0.6759;0.6759;0.3475
ENGN396;waiting for hair to grow back after age 50;0;0;0;0;0;0;0.6594;0.0;0.0
ENGN397;is it crezy how saying sentences backword creates sentences saying how crazy is it?;0;0;0;0;0;0;1.0;0.0;0.0
ENGN398;french fries are my shovel for salt;0;0;0;0;0;0;1.0;0.0;0.0
ENGN399;nobody's gonna upvote this meme , dummy. and why the heck not? first of all, they don't like idiots with tempers! who the neck has a temper? think about wahts you just did, idiot!;0;0;0;0;0;0;1.0;0.0;0.0
ENGN400;when you see your friend gurt;0;0;0;0;0;0;1.0;0.0;0.0
